Structure,Date and Time,Headwater (ft-NAVD88),Tailwater (ft-NAVD88),Gates,Gate1 (ft),Gate2 (ft),Max MAGO,Gate3 (ft),Gate4 (ft),Gate5 (ft),Gate6 (ft)
S40,2026-10-02 06:34:15,5.54,-1.17,2,1.0,0.5,1.002,,,,
S41,2026-10-02 06:32:14,5.79,-1.1,2,1.5,1.5,1.513,,,,
S59,2026-10-02 06:32:30,56.0,53.0,1,0.0,,0.0,,,,
S60,2026-10-02 06:32:54,62.24,60.1,1,0.8,,0.798,,,,
S61,2026-10-02 06:32:22,53.0,49.56,1,0.0,,0.0,,,,
S62,2026-10-02 06:33:14,59.02,55.99,1,0.0,,0.0,,,,
S63,2026-10-02 06:32:26,60.1,55.72,1,1.0,,0.998,,,,
S63A,2026-10-02 06:59:00,55.78,49.48,2,0.2,0.4,0.415,,,,
S65,2026-10-02 06:33:39,49.3,45.19,5,1.0,1.1,1.105,1.0,1.0,1.0,
S65A,2026-10-02 06:32:25,45.14,41.65,3,1.8,1.8,1.819,1.8,,,
S65D,2026-10-02 06:31:15,24.77,19.95,4,0.8,0.2,0.797,0.5,0.5,,
S65DX1,2026-10-02 06:57:41,24.8,20.39,4,1.6,1.6,1.612,1.6,0.0,,
S65DX2,2026-10-02 06:31:15,24.77,19.95,2,0.5,0.5,0.506,,,,
S65E,2026-10-02 06:32:19,19.95,10.61,6,0.5,0.5,0.497,0.4,0.5,0.5,0.3
S65EX1,2026-10-02 06:32:19,19.95,10.61,3,0.0,0.0,0.0,0.0,,,
S67,2026-10-02 06:32:45,37.83,33.29,2,0.0,0.0,0.0,,,,
S67X,2026-10-02 06:32:45,37.83,33.29,4,0.0,0.0,0.0,0.0,0.0,,
S68,2026-10-02 06:36:15,37.82,30.75,3,0.0,0.0,0.0,0.0,,,
S68X,2026-10-02 06:36:15,37.82,30.75,1,0.0,,0.0,,,,
S70,2026-10-02 06:33:37,24.8,18.9,2,0.3,0.0,0.296,,,,
S71,2026-10-02 06:54:40,18.89,10.79,3,0.0,0.0,0.0,0.0,,,
S72,2026-10-02 06:58:31,19.81,11.66,2,0.5,0.0,0.496,,,,
S75,2026-10-02 06:36:22,24.83,19.84,1,0.0,,0.0,,,,
S82,2026-10-02 06:37:15,30.76,24.8,2,0.0,0.0,0.0,,,,
S83,2026-10-02 06:38:15,30.76,23.97,1,0.0,,0.0,,,,
S83X,2026-10-02 06:38:15,30.76,23.97,1,0.0,,0.0,,,,
S84,2026-10-02 06:37:13,23.9,10.7,2,0.0,0.0,0.0,,,,
S84X,2026-10-02 06:37:13,23.9,10.7,1,0.0,,0.0,,,,
S97,2026-10-02 06:36:15,20.01,7.97,2,0.5,1.0,0.99,,,,
S153,2026-10-02 06:35:14,17.52,12.79,2,0.0,0.5,0.499,,,,
S191,2026-10-02 06:42:25,17.61,10.56,3,0.0,0.0,0.0,0.0,,,
S351,2026-10-02 06:58:38,9.71,10.5,3,0.0,0.0,0.0,0.0,,,
S352,2026-10-02 06:53:58,10.45,9.24,2,0.0,0.0,0.0,,,,
S354,2026-10-02 06:59:04,9.32,10.65,2,0.0,0.0,0.0,,,,
